term,category
apex,mathabstraction
aphelion,mathabstraction
perihelion,mathabstraction
centroid,mathabstraction
endpoint,mathabstraction
endpoints,mathabstraction
foci,mathabstraction
focus,mathabstraction
boundary,mathabstraction
contour,mathabstraction
centerline,mathabstraction
crestline,mathabstraction
x-section,mathabstraction
surface,mathabstraction
viewpoint,mathabstraction
center,mathabstraction
partition,mathabstraction
cell,mathabstraction
column,mathabstraction
row,mathabstraction
face,mathabstraction
trough,mathabstraction
crest,mathabstraction
node,mathabstraction
shell,mathabstraction
isosurface,mathabstraction
vertex,mathabstraction
sphere,mathabstraction
origin,mathabstraction
airfoil,mathabstraction
circle,mathabstraction
ellipse,mathabstraction
ellipsoid,mathabstraction
polygon,mathabstraction
square,mathabstraction
trapezoid,mathabstraction
triangle,mathabstraction
parabola,mathabstraction
ray,mathabstraction
axis,mathabstraction
polynomial,mathabstraction
mask,mathabstraction
math,mathabstraction
line,mathabstraction
point,mathabstraction
points,mathabstraction
datum,mathabstraction
curve,mathabstraction
graph,mathabstraction
grid,mathabstraction
expression,mathabstraction
function,mathabstraction
plan,mathabstraction
plane,mathabstraction
profile,mathabstraction
equations,mathabstraction
equation,mathabstraction
model,mathabstraction
shape,mathabstraction
wheelbase,physabstraction
wingspan,physabstraction
shoreline,physabstraction
isocline,physabstraction
viewpoint,physabstraction
geocenter,physabstraction
geodesic,physabstraction
geoid,physabstraction
equator,physabstraction
pole,physabstraction
hypocenter,physabstraction
epicenter,physabstraction
brain,body
eye,body
hair,body
skin,body
driver,role
skydiver,role
ablabesmyia,body
acamptocladius,body
acentropus,body
actinobdella,body
actinomycetes,body
adenophorea,body
adicrophleps,body
aedes,body
aeolosoma,body
aeolosomatidae,body
agapetus,body
agarodes,body
agathon,body
agraylea,body
agrypnia,body
alciopidae,body
algae,body
alisotrichia,body
allocosmoecus,body
alluaudomyia,body
alona,body
amiocentrus,body
ampharetidae,body
amphicosmoecus,body
amphinemura,body
amphinomidae,body
amphipoda,body
amphiporidae,body
amphiporus,body
anabolia,body
anagapetus,body
anaitides,body
anatopynia,body
anisocentropus,body
annelida,body
anopheles,body
anopla,body
anostraca,body
anthozoa,body
anthuridae,body
antichaeta,body
antocha,body
apatania,body
aphroditidae,body
aphrosylus,body
apistobranchidae,body
apsectrotanypus,body
arabellidae,body
archanara,body
archips,body
arctopelopia,body
arctopora,body
arctopsyche,body
arenicolidae,body
argyra,body
arthropoda,body
ascomorpha,body
asellidae,body
asellus,body
asplanchna,body
asplanchnidae,body
astacidae,body
asynarchus,body
atherix,body
athripsodes,body
atopsyche,body
atrichomelina,body
atrichopogon,body
atyidae,body
aulodrilus,body
axiothella,body
bacteria,body
diazotroph,body
diazotrophs,body
balanus,body
banksiola,body
batracobdella,body
bdelloidea,body
bdellonemertea,body
bear,body
bellura,body
beraea,body
beraeidae,body
bezzia,body
bibiocephala,body
bittacomorpha,body
bodotriidae,body
bopyridae,body
boreoheptagyia,body
bosmina,body
bosminidae,body
brachionus,body
brachiopoda,body
brachycentridae,body
brachycentrus,body
brachydeutera,body
branchiobdellidae,body
branchiura,body
bridge,body
brillia,body
bryophaenocladius,body
calamoceratidae,body
calanoida,body
callinectes,body
cambarellus,body
cambarus,body
campsicnemus,body
camptocercus,body
canaceidae,body
cancer,body
cancridae,body
candocypria,body
candona,body
canthocamptus,body
cantopelopia,body
capitellidae,body
caprella,body
caprellidae,body
cardiocladius,body
carinomidae,body
carp,body
platelet,body
cephalodella,body
cephalothricidae,body
ceraclea,body
ceratopogon,body
ceratopogonidae,body
cerebratulus,body
ceriodaphnia,body
cernotina,body
chaetocladius,body
chaetogaster,body
chaetognatha,body
chaetopteridae,body
river,body
stream,body
rivers,body
chaoboridae,body
chaoborus,body
chelifera,body
cheumatopsyche,body
chilo,body
chilostigma,body
chilostigmodes,body
chimarra,body
chironomidae,body
chironomus,body
chlorohydra,body
chrysendeton,body
chrysopetalidae,body
chrysops,body
chydoridae,body
cirratulidae,body
cirriformia,body
cladopelma,body
cladotanytarsus,body
clavidae,body
clinocera,body
clinotanypus,body
clistoronia,body
clitellio,body
clostoeca,body
clostridium,body
clunio,body
cnephia,body
cnidaria,body
coelotanypus,body
coliform,body
coliforms,body
collothecaceae,body
collothecidae,body
colobaea,body
conchapelopia,body
conchostraca,body
conochilidae,body
conochiloides,body
constempellina,body
contiger,body
cordylophora,body
corethrella,body
corophiidae,body
corophium,body
corynoneura,body
crangonyx,body
cricotopus,body
cryptochia,body
cryptochironomus,body
cryptosporidium,body
cryptotendipes,body
ctenophora,body
culex,body
culicidae,body
culicoides,body
culiseta,body
culoptila,body
cumacea,body
cyclaspis,body
cyclocypria,body
cyclocypris,body
cyclopidae,body
cyclopoida,body
cyclops,body
cymothoidae,body
cypria,body
cypricercus,body
cypridopsis,body
cyprinotus,body
cypris,body
cyrnellus,body
dactylolabis,body
daphnia,body
daphnidae,body
dasyhelea,body
decapoda,body
demicryptochironomus,body
dendrocoelidae,body
dero,body
desmona,body
deuterophlebia,body
deuterophlebiidae,body
diamesa,body
diaphanosoma,body
diaptomidae,body
diaptomus,body
diastylidae,body
diastylis,body
dibusa,body
dicosmoecus,body
dicranota,body
dictya,body
dina,body
diplectrona,body
diplocladius,body
diptera,body
dixa,body
dixella,body
dixidae,body
dolichocephala,body
dolichopodidae,body
dolichopus,body
dolophilodes,body
dorvilleidae,body
dugesia,body
ecclisocosmoecus,body
ecclisomyia,body
einfeldia,body
elasmopus,body
elgiva,body
elliptera,body
empididae,body
emplectonematidae,body
enchytraeidae,body
endochironomus,body
enopla,body
enterobacter,body
enterococci,body
enterococcus,body
eobrachycentrus,body
eoparargyractis,body
ephydra,body
ephydridae,body
epinebalia,body
epithemiaceae,body
epoicocladius,body
eriocera,body
erioptera,body
eristalis,body
erpobdella,body
erpobdellidae,body
escherichia,body
eteone,body
euchlanis,body
eucorethra,body
eucyclops,body
eucypris,body
eukiefferiella,body
eunicidae,body
euparyphus,body
euphausiacea,body
euphrosinidae,body
eurycercus,body
eurytemora,body
eusimulium,body
exosphaeroma,body
fabria,body
farula,body
fattigia,body
filinia,body
fish,body
flabelligeridae,body
flagellate,body
flagellates,body
flosculariaceae,body
foraminiferida,body
forcipomyia,body
frenesia,body
gammaridae,body
gammarus,body
gastropidae,body
georthocladius,body
giardia,body
glacier,body
glossiphonia,body
glossiphoniidae,body
glossosoma,body
glossosomatidae,body
glycera,body
glyceridae,body
glyphopsyche,body
glyphotaelius,body
glyptotendipes,body
gnathobdellida,body
gnorimosphaeroma,body
goeldichironomus,body
goera,body
goeracea,body
goereilla,body
goeridae,body
goerita,body
goniadidae,body
gonomyia,body
graceus,body
grammotaulius,body
greniera,body
grensia,body
gumaga,body
guttipelopia,body
gymnopais,body
hagenella,body
halesochila,body
halocladius,body
haploscoloplos,body
haplotaxidae,body
harnischia,body
harpacticoida,body
hedria,body
heleniella,body
helicobacter,body
helicopsyche,body
helicopsychidae,body
helius,body
helobdella,body
hemerodromia,body
herpetocypris,body
hesionidae,body
hesperophylax,body
heteromyia,body
heteronemertea,body
heteroplectron,body
heterotanytarsus,body
heterotrissocladius,body
hexarthra,body
hexatoma,body
himalopsyche,body
hirudinea,body
holopedidae,body
holopedium,body
holorusia,body
homophylax,body
homoplectra,body
hoplonemertea,body
human,body
hydatophylax,body
hydra,body
hydridae,body
hydrobaenus,body
hydroida,body
hydrophoria,body
hydrophorus,body
hydropsyche,body
hydropsychidae,body
hydroptila,body
hydroptilidae,body
hydrozoa,body
hypocharassus,body
idotea,body
idoteidae,body
ilyodrilus,body
insecta,body
ironoquia,body
isopoda,body
ithytrichia,body
kellicottia,body
keratella,body
kiefferulus,body
klebsiella,body
krenopelopia,body
krenosmittia,body
labrundinia,body
lampropidae,body
lamprops,body
langessa,body
larsia,body
latona,body
latonopsis,body
lauterborniella,body
lecane,body
lecanidae,body
legionella,body
lenarchus,body
lepadella,body
lepania,body
lepidoptera,body
lepidostoma,body
lepidostomatidae,body
leptoceridae,body
leptocerus,body
leptochelia,body
leptonema,body
leptophylax,body
leptostylis,body
leuconidae,body
leucotrichia,body
limnephilidae,body
limnephilus,body
limnochironomus,body
limnodrilus,body
limnophila,body
limnophora,body
limonia,body
lineidae,body
lineus,body
lirceus,body
liriope,body
lispe,body
lispoides,body
lophocharis,body
lumbriculidae,body
lumbriculus,body
lype,body
macrobdella,body
macrobrachium,body
macrochaetus,body
macronema,body
macropelopia,body
macrothricidae,body
macrothrix,body
magelonidae,body
maldanidae,body
mallochohelea,body
manophylax,body
mansonia,body
marilia,body
maruina,body
matrioptila,body
mayatrichia,body
melanderia,body
mesocricotopus,body
mesocyclops,body
metacnephia,body
metriocnemus,body
micrasema,body
microcricotopus,body
micropsectra,body
microtendipes,body
micrura,body
mochlonyx,body
molanna,body
molannidae,body
monodiamesa,body
monohelea,body
monopelopia,body
monostyla,body
moselyana,body
munroessa,body
muscidae,body
mysidacea,body
mysidae,body
mystacides,body
mytilina,body
myzobdella,body
naididae,body
naineris,body
nais,body
namamyia,body
nannastacidae,body
nanocladius,body
natarsia,body
neargyractis,body
nebaliacea,body
nectopsyche,body
nematoda,body
nematomorpha,body
nemertea,body
nemotaulius,body
nemotelus,body
nemoura,body
nemouridae,body
neocataclysta,body
neophylax,body
neothremma,body
neotrichia,body
nephelopsis,body
nephtyidae,body
nepticula,body
nepticulidae,body
nereis,body
nerophilus,body
neureclipsis,body
nilotanypus,body
nilothauma,body
noctuidae,body
notholca,body
notommata,body
notommatidae,body
notostraca,body
nyctiophylax,body
nymphomyiidae,body
nymphula,body
nymphuliella,body
occidentalia,body
ochrotrichia,body
odontoceridae,body
odontomesa,body
oecetis,body
oligobdella,body
oligochaeta,body
oligophlebodes,body
oligostigmoides,body
oligostomis,body
oligotricha,body
omisus,body
onocosmoecus,body
onuphidae,body
opheliidae,body
orbinia,body
orbiniidae,body
orconectes,body
ormosia,body
oropsyche,body
orthocladius,body
orthopodomyia,body
orthotrichia,body
ototyphlonemertidae,body
oweniidae,body
oxyelophila,body
oxyethira,body
pacifastacus,body
paduniella,body
pagastia,body
pagastiella,body
palaeagapetus,body
palaemonetes,body
palaemonidae,body
palaeodipteron,body
paleonemertea,body
palpomyia,body
paraboreochlus,body
paracandona,body
parachaetocladius,body
parachironomus,body
paracladius,body
paracladopelma,body
paraclunio,body
paracricotopus,body
paracyclops,body
parakiefferiella,body
paralauterborniella,body
paramerina,body
parametriocnemus,body
paraonidae,body
paraphaenocladius,body
paraponyx,body
parapsyche,body
paratanaidae,body
paratanytarsus,body
paratendipes,body
paratrichocladius,body
parochlus,body
parorthocladius,body
parthina,body
pectinariidae,body
pedicia,body
pedomoecus,body
peloscolex,body
peltoperla,body
peltoperlidae,body
pentaneura,body
pericoma,body
periphyton,body
phaenopsectra,body
phalacrocera,body
phanocelia,body
phaonia,body
pharyngobdellida,body
pherbellia,body
philobdella,body
philocasca,body
philodina,body
philopotamidae,body
philorus,body
phoridae,body
phoronida,body
phryganea,body
phryganeidae,body
phyllodocidae,body
phylloicus,body
phylocentropus,body
physocypria,body
pilargidae,body
pilaria,body
piscicola,body
piscicolaria,body
piscicolidae,body
placobdella,body
planariidae,body
plankton,body
phytoplankton,body
diatom,body
diatoms,body
picophytoplankton,body
zooplankton,body
mesozooplankton,body
microzooplankton,body
platycentropus,body
platyhelminthes,body
plecoptera,body
plecopteracoluthus,body
pleuroxus,body
ploesoma,body
ploima,body
polyarthra,body
polycelis,body
polycentropodidae,body
polycentropus,body
polynoidae,body
polypedilum,body
polyplectropus,body
pompholyx,body
porifera,body
portunidae,body
potamilla,body
potamothrix,body
potamyia,body
potthastia,body
prionocera,body
pristina,body
proales,body
probezzia,body
procambarus,body
procladius,body
prodiamesa,body
prosimulium,body
prosorhochmidae,body
prostoia,body
prostoma,body
protanypus,body
protoplasa,body
protoptila,body
protozoa,body
psectrocladius,body
psectrotanypus,body
pseudochironomus,body
pseudocumidae,body
pseudodiamesa,body
pseudogoera,body
pseudolimnophila,body
pseudomonas,body
pseudosmittia,body
pseudostenophylax,body
psilometriocnemus,body
psilopa,body
psilotanypus,body
psilotreta,body
psorophora,body
psychoda,body
psychodidae,body
psychoglypha,body
psychomyia,body
psychomyiidae,body
psychoronia,body
pteromicra,body
pteronarcella,body
pteronarcys,body
ptilostomis,body
ptygura,body
pycnopsyche,body
pyrausta,body
renocera,body
rheocricotopus,body
rheopelopia,body
rheotanytarsus,body
rhyacodrilus,body
rhyacophila,body
rhyacophilidae,body
rhynchelmis,body
rhynchobdellida,body
robackia,body
roederiodes,body
rossiana,body
rotifera,body
sabellariidae,body
sabellidae,body
salmonella,body
scapholeberis,body
scaridium,body
schoenobius,body
sciomyza,body
sciomyzidae,body
scoloplos,body
scyphozoa,body
secernentea,body
sepedon,body
sericostomatidae,body
serpulidae,body
setodes,body
sida,body
sididae,body
sierraperla,body
sigalionidae,body
simocephalus,body
simuliidae,body
simulium,body
simyra,body
sipunculoidea,body
slavina,body
smicridea,body
smithsonidrilus,body
smittia,body
soliperla,body
specaria,body
sphaerodoridae,body
sphaeroma,body
sphaeromatidae,body
sphaeromias,body
spilogona,body
spionidae,body
spongilla,body
spongillidae,body
stactobiella,body
stegopterna,body
stempellina,body
stempellinella,body
stenochironomus,body
stenocypris,body
sternaspidae,body
stictochironomus,body
stilobezzia,body
stratiomys,body
streptococci,body
streptococcus,body
sturgeon,body
stygobromus,body
stygonectes,body
stylaria,body
stylodrilus,body
sutroa,body
syllidae,body
symbiocladius,body
symphitopsyche,body
sympotthastia,body
synchaeta,body
synchaetidae,body
synclita,body
synorthocladius,body
synurella,body
syrphidae,body
systenus,body
tabanidae,body
tabanus,body
tachytrechus,body
talitridae,body
tallaperla,body
tanaidacea,body
tanaidae,body
tanais,body
tanyderidae,body
tanypus,body
tanytarsus,body
taphromysis,body
telmatogeton,body
telmatoscopus,body
telopelopia,body
temoridae,body
terebellidae,body
testudinella,body
testudinellidae,body
tetanocera,body
tetrastemma,body
tetrastemmatidae,body
thienemannia,body
thienemanniella,body
thienemannimyia,body
tinodes,body
tipula,body
tipulidae,body
tortricidae,body
toxorhynchites,body
tree,body
oak,body
triaenodes,body
trichocerca,body
trichocercidae,body
trichocladius,body
trichoptera,body
trichotanypus,body
trichotria,body
tricladida,body
trissocladius,body
trissopelopia,body
trochochaetidae,body
tropocyclops,body
tubifex,body
tubificidae,body
tubulanidae,body
turbellaria,body
twinnia,body
undulambia,body
uranotaenia,body
usingeriessa,body
viehoperla,body
calcivirus,body
wiedemannia,body
wirthiella,body
wormaldia,body
xenochironomus,body
xiphocentron,body
yoraperla,body
yphria,body
zalutschia,body
zavrelia,body
zavrelimyia,body
zumatrichia,body
organism,body
organisms,body
plant,body
virus,body
biota,body
canopy,body
head,body
leaf,body
leaves,body
oocyst,body
oocysts,body
root,body
roots,body
trunk,body
stoma,body
stomata,body
cyst,body
cysts,body
neck,body
cargo,role
sink,role
source,role
payload,role
aerosol,form
atom,form
bubble,form
bulk,form
channel,form
colony,configuration
crater,form
crystal,configuration
domain,form
dose,configuration
droplet,form
fault,form
floe,form
grain,form
hole,form
ion,configuration
anion,configuration
cation,configuration
isomer,configuration
isotope,configuration
macropore,form
mat,form
molecule,form
network,configuration
particle,form
platform,form
plume,form
pore,form
radical,configuration
sample,configuration
sheet,form
shelf,form
slick,form
unit,configuration
void,form
cell,form
region,form
terrain,form
exit,role
entrance,role
bank,form
link,form
tile,body
cylinder,body
projectile,role
aircraft,body
airplane,body
anvil,body
appliance,body
automobile,body
porsche,body
axle,body
ball,body
baseball,body
balloon,body
battery,body
beam,body
building,body
bumper,body
crankshaft,body
door,body
engine,body
fence,body
filter,body
instrument,body
altimeter,body
radar,body
sensor,body
seismograph,body
oscillator,body
pipe,body
piston,body
pump,body
railway,body
reservoir,body
rocket,body
ship,body
ski,body
spring,body
station,body
street,body
tank,body
trap,body
well,body
weir,body
wheel,body
tire,body
submarine,body
outlet,role
debris,role
body,body
basin,body
bedrock,body
distributary,body
delta,body
ground,body
iceberg,body
lake,body
land,body
grassland,body
pasture,body
parkland,body
ocean,body
plain,body
planet,body
earth,body
jupiter,body
mars,body
mercury,body
neptune,body
saturn,body
uranus,body
venus,body
moon,body
titan,body
sea,body
shore,body
shoreline,body
snowpack,body
star,body
sun,body
valley,body
raindrop,body
dust,body
ammonium,body
hydrometeor,body
hail,body
graupel,body
atmosphere,body
vegetation,body
lithosphere,body
ionosphere,body
troposphere,body
matter,matter
carbonate,matter
foam,matter
detritus,role
paper,matter
tissue,matter
air,matter
ash,matter
biomass,matter
blood,matter
chocolate,matter
clay,matter
coal,matter
cacao,matter
concrete,matter
fuel,matter
gasoline,matter
grease,matter
liquor,matter
loam,matter
mud,matter
pavement,matter
plasma,matter
propellant,matter
rock,matter
rubber,matter
sand,matter
sediment,matter
shale,matter
silt,matter
soil,matter
soot,matter
wood,matter
electron,matter
neutron,matter
proton,matter
alloy,matter
steel,matter
acenaphthene,matter
acenaphthylene,matter
acephate,matter
acetaminophen,matter
acetazolamide,matter
acetochlor,matter
acetohexamide,matter
acetone,matter
acetonitrile,matter
acetophenone,matter
phenol,matter
acifluorfen,matter
acridine,matter
acrolein,matter
acrylamide,matter
acrylonitrile,matter
alachlor,matter
alcohol,matter
aldehyde,matter
acetaldehyde,matter
aldehydes,matter
aldicarb,matter
aldrin,matter
alkane,matter
alkanes,matter
alkene,matter
alkenes,matter
allethrin,matter
alprazolam,matter
ametryn,matter
amiloride,matter
aminocarb,matter
ammonia,matter
amobarbital,matter
aniline,matter
anthracene,matter
aragonite,matter
aramite,matter
argon,matter
aroclor,matter
arsenate,matter
arsenite,matter
asbestos,matter
aspirin,matter
aspon,matter
asulam,matter
atraton,matter
atrazine,matter
avobenzone,matter
azobenzene,matter
barban,matter
bendiocarb,matter
benfluralin,matter
benomyl,matter
bentazon,matter
benzaldehyde,matter
benzene,matter
benzidine,matter
benzophenone,matter
bicarbonate,matter
bifenthrin,matter
biphenyl,matter
bromacil,matter
bromide,matter
bromobenzene,matter
bromochloroacetonitrile,matter
bromochloromethane,matter
bromodichloromethane,matter
bromoethene,matter
bromomethane,matter
bromoxynil,matter
brox,matter
bufencarb,matter
butacarb,matter
butachlor,matter
butane,matter
butoxycarboxim,matter
butylamine,matter
butylate,matter
cadusaphos,matter
caffeine,matter
calcite,matter
camphene,matter
camphor,matter
caprolactam,matter
captafol,matter
captan,matter
carbaryl,matter
carbazole,matter
carbofuran,matter
carbohydrate,matter
carbonatite,matter
carbophenothion,matter
carboxin,matter
carisoprodol,matter
celestolide,matter
cfc,matter
chloramben,matter
chloramphenicol,matter
chlorate,matter
chlordane,matter
chlordecone,matter
chlorethoxyfos,matter
chlorfenvinphos,matter
chloridazon,matter
chloride,matter
chlorimuron,matter
chloroacetaldehyde,matter
chloroacetonitrile,matter
chlorobenzene,matter
chlorobenzilate,matter
chlorodifluoromethane,matter
chloroethane,matter
chloromethane,matter
chloroneb,matter
chlorophene,matter
chlorophyll,matter
chloropicrin,matter
chloroprene,matter
chlorothalonil,matter
chlorothiazide,matter
chlorothion,matter
chlorotoluron,matter
chloroxuron,matter
chlorphenamine,matter
chlorpropham,matter
chlorpyrifos,matter
chlorsulfuron,matter
chlortetracycline,matter
cholesterol,matter
chrysene,matter
cinnamal,matter
citral,matter
citronellol,matter
clinafloxacin,matter
clomazone,matter
clopyralid,matter
clox,matter
codeine,matter
coronene,matter
cotinine,matter
coumaphos,matter
coumaran,matter
coumarin,matter
cresol,matter
cresols,matter
cyanazine,matter
cyanide,matter
cycloate,matter
cyclohexane,matter
cyfluthrin,matter
cypermethrin,matter
cyprazine,matter
dalapon,matter
dcpa,matter
ddt,matter
deltamethrin,matter
demeton,matter
desmedipham,matter
diallate,matter
diazepam,matter
diazinon,matter
diazoxon,matter
dibenzofuran,matter
dibenzothiophene,matter
dibromoacetonitrile,matter
dibromochloromethane,matter
dibromomethane,matter
dibutyltin,matter
dicamba,matter
dichlobenil,matter
dichlorine,matter
dichloroacetonitrile,matter
dichlorodifluoromethane,matter
dichlorofenthion,matter
dichlorofluoromethane,matter
dichloromethane,matter
dichlorprop,matter
dichlorvos,matter
dicofol,matter
dicrotophos,matter
dieldrin,matter
diethyldimethyllead,matter
diflubenzuron,matter
digoxin,matter
dihydrogen,matter
dilan,matter
dimethenamid,matter
dimethoate,matter
dimethomorph,matter
dimethoxymethane,matter
dimethylarsinate,matter
dinitrogen,matter
dinoseb,matter
dioxacarb,matter
dioxathion,matter
dioxygen,matter
diphenamid,matter
diphenhydramine,matter
diphenylamine,matter
diquat,matter
distearyldimonium,matter
disulfide,matter
disulfoton,matter
diuron,matter
dopamine,matter
doxycycline,matter
dysprosium,matter
endosulfan,matter
endothal,matter
endrin,matter
epn,matter
eptc,matter
equilenin,matter
erbium,matter
erythromycin,matter
esfenvalerate,matter
ester,matter
esters,matter
estrone,matter
ethalfluralin,matter
ethane,matter
ethanol,matter
ethene,matter
ether,matter
ethers,matter
ethidimuron,matter
ethiofencarb,matter
ethion,matter
ethoprop,matter
ethylbenzene,matter
ethyne,matter
etridiazole,matter
etrimfos,matter
eugenol,matter
famphur,matter
farnesol,matter
fat,matter
fenamiphos,matter
fenarimol,matter
fenitrothion,matter
fenobucarb,matter
fenpropathrin,matter
fensulfothion,matter
fenthion,matter
fenuron,matter
fipronil,matter
flavanol,matter
fluchloralin,matter
flufenacet,matter
flumetralin,matter
flumetsulam,matter
fluometuron,matter
fluoranthene,matter
fluorene,matter
fluoride,matter
fluridone,matter
fonofos,matter
formaldehyde,matter
formetanate,matter
furosemide,matter
glyoxal,matter
glyphosate,matter
halide,matter
halides,matter
halofenozide,matter
halon,matter
hcc,matter
hcfc,matter
heptachlor,matter
heptachlorodibenzofuran,matter
heptachlorodibenzofurans,matter
hexabromocyclododecane,matter
hexachlorobenzene,matter
hexachlorobiphenyl,matter
hexachlorobutadiene,matter
hexachlorocyclopentadiene,matter
hexachlorodibenzofuran,matter
hexachlorodibenzofurans,matter
hexachloroethane,matter
hexachloropropene,matter
hexane,matter
hexazinone,matter
hmx,matter
holmium,matter
homosalate,matter
hox,matter
hydrocarbon,matter
hydrocarbons,matter
hydrochlorothiazide,matter
hydroperoxyl,matter
hydroxide,matter
hydroxyl,matter
hydroxysimazine,matter
ibuprofen,matter
imazapyr,matter
imazaquin,matter
imazethapyr,matter
imidacloprid,matter
indigo,matter
indole,matter
iodide,matter
iodomethane,matter
ioxynil,matter
iprodione,matter
isoborneol,matter
isobutene,matter
isodrin,matter
isoeugenol,matter
isofenphos,matter
isophorone,matter
isophytol,matter
isoprene,matter
isoprocarb,matter
isopropylbenzene,matter
isoquinoline,matter
isosafrole,matter
isoxaflutole,matter
ketone,matter
ketoprofen,matter
krypton,matter
lanolin,matter
lecithin,matter
leptophos,matter
levothyroxin,matter
lignin,matter
limonene,matter
linalool,matter
lincomycin,matter
lindane,matter
linuron,matter
lipid,matter
malaoxon,matter
malathion,matter
mancozeb,matter
maneb,matter
mcpa,matter
mcpb,matter
mecoprop,matter
merphos,matter
mestranol,matter
metalaxyl,matter
methamidophos,matter
methane,matter
methanol,matter
methapyrilene,matter
methidathion,matter
methiocarb,matter
methlyglyoxal,matter
methocarbamol,matter
methomyl,matter
methoprene,matter
methylcyclohexane,matter
methylmercury,matter
methyltriethyllead,matter
metolachlor,matter
metribuzin,matter
metsulfuron,matter
mevinphos,matter
mexacarbate,matter
mirex,matter
mobam,matter
molinate,matter
monobutyltin,matter
monocrotophos,matter
monolinuron,matter
monosulfide,matter
monoterpenes,matter
monuron,matter
msma,matter
mtmc,matter
myclobutanil,matter
naled,matter
naphthalene,matter
naphthalenes,matter
napropamide,matter
neburon,matter
nicosulfuron,matter
nicotine,matter
nitrapyrin,matter
nitrate,matter
nitrite,matter
nitrobenzene,matter
nitroglycerin,matter
nitromethane,matter
nmvoc,matter
nodularin,matter
nonachlorobiphenyl,matter
norethindrone,matter
norflurazon,matter
nox,matter
octachlorobiphenyl,matter
octachlorostyrene,matter
octane,matter
oil,matter
omethoate,matter
orthophosphate,matter
oryzalin,matter
osmium,matter
oxadiazon,matter
oxamyl,matter
oxidizer,matter
oxychlordane,matter
oxyfluorfen,matter
oxytetracycline,matter
ozone,matter
panthenol,matter
paraoxon,matter
paraquat,matter
parathion,matter
pebulate,matter
pendimethalin,matter
pentabromotoluene,matter
pentachloroanisole,matter
pentachlorobenzene,matter
pentachlorodibenzofurans,matter
pentachloroethane,matter
pentachloronitrobenzene,matter
pentachlorophenol,matter
pentane,matter
perchlorate,matter
permethrin,matter
peroxide,matter
peroxides,matter
peroxy,matter
perylene,matter
phantolide,matter
phenacetin,matter
phenanthrene,matter
phenanthridine,matter
phenmedipham,matter
phenothrin,matter
phenylbutazone,matter
phenylurea,matter
phorate,matter
phosmet,matter
phosphamidon,matter
phosphate,matter
phytane,matter
phytol,matter
picloram,matter
polymer,matter
polythiazide,matter
praseodymium,matter
pristane,matter
probenecid,matter
profenofos,matter
profluralin,matter
progesterone,matter
promecarb,matter
prometon,matter
prometryn,matter
propachlor,matter
propane,matter
propanil,matter
propargite,matter
propazine,matter
propene,matter
propetamphos,matter
propham,matter
propiconazole,matter
propionitrile,matter
propoxur,matter
propyzamide,matter
prosulfuron,matter
pyrene,matter
pyrethrin,matter
pyrethrins,matter
pyridine,matter
quinoline,matter
rdx,matter
resmethrin,matter
ronnel,matter
safrole,matter
salicylamide,matter
salt,matter
samarium,matter
secbumeton,matter
sesquiterpenes,matter
seston,matter
siduron,matter
silica,matter
silicate,matter
silvex,matter
simazine,matter
simetone,matter
simetryn,matter
styrene,matter
sulfadiazine,matter
sulfadimethoxine,matter
sulfamerazine,matter
sulfamethazine,matter
sulfamethoxazole,matter
sulfate,matter
sulfathiazole,matter
sulfide,matter
sulfite,matter
sulfometuron,matter
sulfotepp,matter
sulprofos,matter
swep,matter
tannin,matter
tebuconazole,matter
tebupirimfos,matter
tebuthiuron,matter
tefluthrin,matter
temephos,matter
terbacil,matter
terbufos,matter
terbuthylazine,matter
terbutol,matter
terbutryn,matter
terpene,matter
testosterone,matter
tetrachlorodibenzofuran,matter
tetrachlorodibenzofurans,matter
tetrachloroethene,matter
tetrachloromethane,matter
tetrachlorophenol,matter
tetrachlorophenols,matter
tetrachlorvinphos,matter
tetradifon,matter
tetraethyllead,matter
tetrahydrofuran,matter
tetramethyllead,matter
tetramethyltin,matter
tetraphenyltin,matter
tetryl,matter
theophylline,matter
thiabendazole,matter
thiacloprid,matter
thiamphenicol,matter
thiazopyr,matter
thidiazuron,matter
thifensulfuron,matter
thiobencarb,matter
thiocyanate,matter
thiodicarb,matter
thiodiglycol,matter
thiofanox,matter
thionazin,matter
thiosulfate,matter
tnt,matter
tokuthion,matter
tolazamide,matter
tolbutamide,matter
toluene,matter
toxaphene,matter
triadimefon,matter
triallate,matter
triasulfuron,matter
triazine,matter
tribromomethane,matter
tribufos,matter
trichlormethiazide,matter
trichloroacetaldehyde,matter
trichloroacetonitrile,matter
trichlorobenzene,matter
trichlorobenzenes,matter
trichloroethene,matter
trichlorofluoromethane,matter
trichloromethane,matter
trichloronate,matter
trichlorophenol,matter
triclocarban,matter
triclopyr,matter
triclosan,matter
tricyclazole,matter
trifluralin,matter
trihalomethane,matter
trimethacarb,matter
trimethoprim,matter
trimethylbenzene,matter
trimethylethyllead,matter
tungsten,matter
vanillin,matter
vernolate,matter
vitamin,matter
warfarin,matter
water,matter
xylene,matter
xylylcarb,matter
ziram,matter
compounds,matter
actinium,matter
aluminum,matter
americium,matter
antimony,matter
arsenic,matter
barium,matter
beryllium,matter
bismuth,matter
boron,matter
bromine,matter
cadmium,matter
calcium,matter
carbon,matter
cerium,matter
cesium,matter
chlorine,matter
chromium,matter
cobalt,matter
copper,matter
curium,matter
europium,matter
fluorine,matter
gadolinium,matter
gallium,matter
germanium,matter
gold,matter
hafnium,matter
helium,matter
hydrogen,matter
deuterium,matter
protium,matter
tritium,matter
indium,matter
iodine,matter
iridium,matter
iron,matter
lanthanum,matter
lead,matter
lithium,matter
lutetium,matter
magnesium,matter
manganese,matter
mercury,matter
molybdenum,matter
neodymium,matter
neon,matter
neptunium,matter
nickel,matter
niobium,matter
nitrogen,matter
oxygen,matter
palladium,matter
phosphorus,matter
platinum,matter
plutonium,matter
polonium,matter
potassium,matter
radium,matter
radon,matter
rhenium,matter
rhodium,matter
rubidium,matter
ruthenium,matter
radioruthenium,matter
scandium,matter
selenium,matter
silicon,matter
silver,matter
sodium,matter
strontium,matter
sulfur,matter
tantalum,matter
technetium,matter
tellurium,matter
terbium,matter
thallium,matter
thorium,matter
thulium,matter
tin,matter
titanium,matter
uranium,matter
vanadium,matter
xenon,matter
ytterbium,matter
yttrium,matter
zinc,matter
zirconium,matter
freshwater,matter
sleet,matter
snow,matter
ice,matter
material,matter
mixture,matter
substance,matter
compound,matter
acid,matter
mineral,matter
element,matter
edge,part
top,part
bottom,part
side,part
component,part
constituent,part
base,part
anagenesis,phenomenon
aneurysm,phenomenon
antibiosis,phenomenon
apoptosis,phenomenon
autolysis,phenomenon
autopsy,phenomenon
avalanche,phenomenon
biogenesis,phenomenon
biopoiesis,phenomenon
canalization,phenomenon
carpool,phenomenon
cascade,phenomenon
catagenesis,phenomenon
cladogenesis,phenomenon
cryoplanation,phenomenon
diagenesis,phenomenon
dialysis,phenomenon
drizzle,phenomenon
earthquake,phenomenon
espionage,phenomenon
landslide,phenomenon
lipolysis,phenomenon
litterfall,phenomenon
lordosis,phenomenon
meiosis,phenomenon
rockfall,phenomenon
radiation,phenomenon
rainfall,phenomenon
snowfall,phenomenon
thrombosis,phenomenon
vasoconstriction,phenomenon
vasodilation,phenomenon
vortex,phenomenon
wave,phenomenon
wind,phenomenon
twilight,phenomenon
updraft,phenomenon
upheaval,phenomenon
tide,phenomenon
triage,phenomenon
cirrhosis,phenomenon
coincidence,phenomenon
cryopreservation,phenomenon
cryosuction,phenomenon
cryoturbation,phenomenon
conjunction,phenomenon
crevasse,phenomenon
day,phenomenon
equinox,phenomenon
sunglint,phenomenon
sunrise,phenomenon
sunset,phenomenon
sunshine,phenomenon
front,phenomenon
night,phenomenon
solstice,phenomenon
icefall,phenomenon
bond,phenomenon
cloud,phenomenon
cyclone,phenomenon
ecosystem,phenomenon
fire,phenomenon
flood,phenomenon
fog,phenomenon
forest,phenomenon
forestry,phenomenon
lightning,phenomenon
permafrost,phenomenon
photon,phenomenon
savanna,phenomenon
storm,phenomenon
thunderstorm,phenomenon
tropopause,phenomenon
universe,phenomenon
vacuum,phenomenon
habitat,phenomenon
drought,phenomenon
fibrosis,phenomenon
filamentation,phenomenon
forecast,phenomenon
gelifluction,phenomenon
guttation,phenomenon
gyre,phenomenon
heterosis,phenomenon
extinction,phenomenon
infarction,phenomenon
landfall,phenomenon
life,phenomenon
panspermia,phenomenon
paralysis,phenomenon
peristalsis,phenomenon
stemflow,phenomenon
symbiosis,phenomenon
synnecrosis,phenomenon
treethrow,phenomenon
superposition,phenomenon
stasis,phenomenon
shortage,phenomenon
progradation,phenomenon
repercussion,phenomenon
lateration,phenomenon
multilateration,phenomenon
impaction,process
abandonment,process
abatement,process
aberration,process
ablation,process
abrasion,process
absorption,process
abstraction,process
acceptance,process
acceleration,process
acclimatization,process
accommodation,process
accretion,process
accumulation,process
acquisition,process
action,process
activation,process
actuation,process
adaptation,process
addition,process
adhesion,process
adjustment,process
adoption,process
adsorption,process
advance,process
advection,process
aerologation,process
aging,process
aggregation,process
aliasing,process
alignment,process
alleviation,process
allocation,process
allograft,process
allotment,process
alteration,process
alternation,process
amortization,process
amplification,process
amputation,process
anchorage,process
animation,process
annealing,process
annexation,process
annihilation,process
application,process
approach,process
appulse,process
arrest,process
arrival,process
ascension,process
aspiration,process
assemblage,process
assessment,process
assimilation,process
assistance,process
atomization,process
attachment,process
attack,process
attainment,process
attenuation,process
attraction,process
augmentation,process
austempering,process
austenitizing,process
autocollimation,process
autoconversion,process
autografting,process
averaging,process
aversion,process
avoidance,process
avulsion,process
backcrossing,process
backfire,process
backlash,process
backscatter,process
backspin,process
blancing,process
bale,process
ballasting,process
beaming,process
bear,process
belay,process
bend,process
berth,process
bifurcation,process
binning,process
binding,process
bioaccumulation,process
bioconcentration,process
biodegradation,process
biomagnification,process
bioremediation,process
biosynthesis,process
bioturbation,process
birth,process
blasting,process
bleaching,process
blockage,process
blossoming,process
blowing,process
blowoff,process
blowout,process
boiling,process
bombardment,process
bonding,process
bore,process
borrowing,process
bouncing,process
brace,process
braiding,process
braking,process
branching,process
breaching,process
breaking,process
breakdown,process
breakout,process
breakover,process
breakthrough,process
breakup,process
breeding,process
brewing,process
bridging,process
brumate,process
bubbling,process
buckling,process
budding,process
buffer,process
buffeting,process
building,process
buildup,process
bulging,process
bundle,process
buoy,process
burrowing,process
bursting,process
downburst,process
outburst,process
bypass,process
cache,process
calibration,process
calving,process
camouflaging,process
canalization,process
cannul,process
capping,process
capture,process
carbonate,process
carrying,process
carving,process
cascading,process
casting,process
catalysis,process
catching,process
cauterization,process
cavitation,process
cessation,process
cementation,process
cancellation,process
centering,process
centralization,process
centrifugation,process
chafing,process
chamber,process
channelization,process
charge,process
chelation,process
chemigation,process
chemosynthesis,process
chewing,process
chipping,process
chirping,process
chisel,process
choking,process
churning,process
circling,process
circulation,process
circumnavigation,process
clamping,process
cleaning,process
clearance,process
cleaving,process
climb,process
clogging,process
cloning,process
closing,process
clot,process
clump,process
clustering,process
coagulation,process
coalescence,process
coat,process
coersion,process
coexistence,process
cognition,process
coiling,process
collapse,process
collection,process
collision,process
collimation,process
colonization,process
combination,process
combustion,process
comminution,process
compaction,process
compactification,process
compensation,process
competition,process
completion,process
complexation,process
compounding,process
compression,process
concealment,process
conception,process
conching,process
concussion,process
condensation,process
conditioning,process
conduction,process
confinement,process
conflation,process
confusion,phenomenon
congealment,process
congestion,process
conjugation,process
connection,process
conservation,process
consolidation,process
constraining,process
constriction,process
consumption,process
contactment,process
containment,process
contamination,process
contraception,process
contraction,process
contribution,process
control,process
contuse,process
convection,process
convergence,process
conversion,process
conveyance,process
convolute,process
convulsion,process
cooking,process
cooling,process
cooperation,process
coordination,process
coping,process
copying,process
coring,process
cornering,process
correction,process
correlation,process
corrosion,process
coupling,process
course,process
courtship,process
covering,process
cracking,process
cranking,process
crashing,process
cratering,process
creation,process
creeping,process
crest,process
crevasse,process
crimping,process
crossing,process
crossover,process
crossbreed,process
crosslink,process
crush,process
crystallization,process
culling,process
culmination,process
cultivation,process
culturing,process
curation,process
curing,process
curettage,process
curtailment,process
curve,process
cushion,process
cutting,process
cutoff,process
cycling,process
damming,process
damaging,process
damping,process
dampening,process
darkening,process
dating,process
deactivation,process
deburr,process
decanting,process
decaying,process
deception,process
deceleration,process
decentralization,process
decision,process
decimation,process
declination,process
decollimation,process
decomposition,process
decompression,process
defense,process
defertilization,process
defervesce,process
deflation,process
deflection,process
deformation,process
degradation,process
delay,process
deliberation,process
delineation,process
delivery,process
demand,process
demarcation,process
demolition,process
denaturation,process
denoising,process
densification,process
denude,process
departure,process
dependance,process
depletion,process
deployment,process
deposition,process
depression,process
deprivation,process
derailment,process
dereference,process
descent,process
desorption,process
destruction,process
desublimation,process
detachment,process
detention,process
detection,process
deterrment,process
deterioration,process
detonation,process
detoxification,process
detrainment,process
development,process
deviation,process
differentiation,process
diffraction,process
diffusion,process
digging,process
dilatation,process
dilation,process
dilution,process
dimming,process
dipping,process
disappearance,process
disassemble,process
discharging,process
disconnection,process
discovery,process
disentrainment,process
disgregation,process
disinfection,process
disintegration,process
dislocation,process
dismantling,process
dispersal,process
displacement,process
disposal,process
disruption,process
dissection,process
dissipation,process
dissociation,process
dissolution,process
distillation,process
distortion,process
distraction,process
distribution,process
disturbance,process
diving,process
divergence,process
diversion,process
division,process
dodging,process
dolomitization,process
domination,process
dosing,process
doubling,process
drafting,process
dragging,process
draining,process
drawing,process
drawdown,process
dredging,process
drifting,process
drilling,process
dripping,process
driving,process
duct,process
duplication,process
dyeing,process
dysregulation,process
ebbing,process
echoing,process
eclipsing,process
eddying,process
ejection,process
electrorefining,process
elimination,process
elongation,process
elution,process
eluviation,process
emanation,process
embalming,process
embarkation,process
embed,process
embrittle,process
emergence,process
emigration,process
emission,process
emplace,process
emulsification,process
encapsulation,process
encase,process
encroachment,process
enforcement,process
engagement,process
engineering,process
engraving,process
enrichment,process
entaglement,process
entrance,process
entrainment,process
equalization,process
equilibration,process
eradication,process
erosion,process
eruption,process
escalation,process
escape,process
establishment,process
estimation,process
estivation,process
etching,process
ethylation,process
evacuation,process
evasion,process
evaluation,process
evaporation,process
eviction,process
evolution,process
examination,process
excavation,process
exceeding,process
exchange,process
excitation,process
exclusion,process
excretion,process
excursion,process
exertion,process
exfitration,process
exfoliation,process
exhaustion,process
exhumation,process
existence,process
expansion,process
expelling,process
expiration,process
explosion,process
exploitation,process
exportation,process
exposition,process
expression,process
extension,process
extermination,process
extinguishment,process
extraction,process
extrapolation,process
extravasation,process
extrusion,process
exuding,process
fabrication,process
facet,process
fading,process
fail,process
falling,process
fasciculation,process
fasten,process
faulting,process
feeding,process
feedback,process
filling,process
filtration,process
find,process
fine,process
fingering,process
firing,process
fission,process
fix,process
fixation,process
flagellation,process
flamehold,process
flashing,process
flattening,process
flavoring,process
flexing,process
flicker,process
flipping,process
float,process
flocculation,process
flood,process
flowing,process
baseflow,process
backflow,process
inflow,process
flowthrough,process
fluctuation,process
flushing,process
fluttering,process
flight,process
focusing,process
fogging,process
folding,process
following,process
foraging,process
forcing,process
forecasting,process
forging,process
formation,process
fortification,process
fouling,process
fractionation,process
fracturing,process
fragmentation,process
freezing,process
freshening,process
fluctuation,process
fumigation,process
fusion,process
gaining,process
galling,process
gating,process
gathering,process
gelation,process
generation,process
germination,process
glancing,process
gliding,process
globalization,process
glowing,process
governance,process
gradation,process
grafting,process
gravitation,process
grazing,process
gridding,process
grinding,process
grip,process
grounding,process
growth,process
guidance,process
gust,process
gyration,process
habitation,process
hadronization,process
hardening,process
harvesting,process
hearing,process
heave,process
herding,process
hesitation,process
hibernation,process
hide,process
hit,process
hoard,process
hoisting,process
hopping,process
hovering,process
hunting,process
hybridization,process
hydroplane,process
hyperpolarization,process
icing,process
identification,process
idling,process
igniton,process
illuviation,process
imbrication,process
imersion,process
immobilization,process
impaction,process
impairment,process
impedance,process
impell,process
impinge,process
implantation,process
implosion,process
importation,process
impound,process
impregnation,process
improvement,process
incineration,process
incision,process
inclination,process
inclusion,process
incorporation,process
incubation,process
indentation,process
indication,process
induction,process
inebriation,process
infection,process
infestation,process
infill,process
infiltration,process
inflamation,process
inflation,process
inflection,process
infliction,process
influence,process
infusion,process
ingestion,process
inheritance,process
inhibition,process
initialization,process
injection,process
injure,process
innervation,process
innovation,process
innoculation,process
insertion,process
insolation,process
inspection,process
installation,process
institution,process
insulation,process
integration,process
intensification,process
interaction,process
interbreeding,process
intercalation,process
interception,process
interconnection,process
interdepend,process
interference,process
interflow,process
interlock,process
intermingling,process
interpolation,process
interruption,process
intersection,process
interspersion,process
intoxication,process
introgression,process
intrusion,process
innundation,process
invasion,process
inversion,process
invocation,process
iodization,process
ionization,process
irradiation,process
irrigation,process
irritation,process
isolation,process
iteration,process
jack,process
jackknifing,process
jamming,process
jaywalk,process
jetting,process
judder,process
juicing,process
jumping,process
juxtaposing,process
kinking,process
knocking,process
laceration,process
lagging,process
lamination,process
landing,process
lapsing,process
lashing,process
backlash,process
latching,process
launch,process
lautering,process
leaching,process
leading,process
leaking,process
lean,process
lensing,process
leveling,process
lever,process
levitation,process
libration,process
lie,process
lift,process
liftoff,process
uplift,process
limitation,process
lining,process
link,process
liquefaction,process
listing,process
litification,process
litigation,process
living,process
loading,process
localization,process
locking,process
locomotion,process
logging,process
losing,process
lowering,process
lubrication,process
maceration,process
macgyver,process
machining,process
magnetization,process
magnification,process
maintenance,process
management,process
maneuvering,process
manufacture,process
mapping,process
march,process
marking,process
martemper,process
masking,process
mastication,process
matching,process
mating,process
maturation,process
maximization,process
meandering,process
measurement,process
mediation,process
meeting,process
melting,process
mending,process
merging,process
metageneration,process
metamorphosis,process
migration,process
milling,process
mining,process
minimization,process
miss,process
mitigation,process
mitosis,process
mixing,process
mobilization,process
moderation,process
modification,process
modulation,process
molding,process
monitoring,process
mooring,process
motion,process
mowing,process
muliplication,process
mutation,process
navigation,process
neurovitrification,process
neutralization,process
nourishment,process
nucleation,process
nudging,process
nullification,process
nutation,process
obduction,process
obliteration,process
observation,process
obstruction,process
occlusion,process
occult,process
occurrence,process
offending,process
ooze,process
opening,process
operation,process
opposition,process
optimization,process
orientation,process
origination,process
oscillation,process
osmosis,process
outing,process
outcropping,process
outcross,process
outflow,process
outgassing,process
overexertion,process
overflow,process
overgrazing,process
overpopulate,process
overshooting,process
overturning,process
packing,process
painting,process
pairing,process
panning,process
paralyze,process
parametrization,process
parge,process
participation,process
partition,process
passage,process
passivation,process
patching,process
patination,process
paving,process
payment,process
payoff,process
peaking,process
pedaling,process
penetration,process
percolation,process
percussion,process
perforation,process
perfusion,process
permineralization,process
permutation,process
persist,process
perturbation,process
petrification,process
picking,process
piercing,process
pinning,process
pinching,process
pinging,process
piping,process
pitting,process
pitching,process
pivoting,process
placement,process
planning,process
planing,process
planting,process
plastering,process
plucking,process
plugging,process
plunging,process
pointing,process
polarization,process
polishing,process
pollination,process
pollution,process
polymerization,process
ponding,process
population,process
porpoise,process
portage,process
positioning,process
potentiation,process
pouring,process
precession,process
precipitation,process
predation,process
prediction,process
preparation,process
preprocessing,process
preservation,process
pressing,process
pressurization,process
prevail,process
prevention,process
priming,process
probation,process
processing,process
procurement,process
production,process
programming,process
projection,process
proliferation,process
prolonging,process
promotion,process
propagation,process
propelling,process
protection,process
provocation,process
pruning,process
pulling,process
pulsation,process
pulverization,process
pumping,process
puncturing,process
purification,process
pushing,process
putrefaction,process
quaking,process
quarantine,process
quenching,process
quilting,process
racing,process
radiation,process
radiolocation,process
rafting,process
raising,process
ramping,process
rancidification,process
ranging,process
rank,process
rarefaction,process
ratcheting,process
rating,process
reaction,process
reading,process
readjustement,process
reaping,process
reassessment,process
reattachment,process
rebounding,process
reception,process
recession,process
recharge,process
reciprocation,process
recirculation,process
reckoning,process
reclamation,process
recognition,process
recombination,process
reconciliation,process
recondition,process
reconnection,process
reconstruction,process
recovery,process
recriut,process
rectification,process
recurrence,process
recursion,process
recycling,process
redirection,process
redistribution,process
reduction,process
reeling,process
reentrance,process
refinement,process
reflection,process
reflux,process
refraction,process
refreezing,process
refreshment,process
refrigeration,process
refueling,process
refurbishment,process
regelation,process
regeneration,process
registration,process
regression,process
regridding,process
regulation,process
regurgitation,process
rehabilitation,process
reinforcement,process
reintroduction,process
rejection,process
relaxation,process
relaying,process
release,process
relieve,process
relocation,process
remediation,process
remittance,process
removal,process
rendering,process
renewal,process
repairing,process
repelling,process
replacement,process
replenishment,process
replication,process
repopulation,process
repose,process
reproduction,process
reprogramming,process
repuslion,process
requesting,process
rescaling,process
rescue,process
resetting,process
reside,process
resistance,process
resolution,process
resonation,process
response,process
resting,process
restitution,process
restore,process
restraining,process
resurfacing,process
resuscitation,process
resuspension,process
retention,process
retardation,process
retooling,process
retraction,process
retreat,process
retrieving,process
retrofitting,process
retrogradation,process
return,process
reuse,process
reverberation,process
reversal,process
revolving,process
reworking,process
ricocheting,process
riding,process
ridging,process
rifting,process
righting,process
riming,process
rinsing,process
ripping,process
ripening,process
rising,process
risking,process
rocking,process
rolling,process
rotation,process
roughnening,process
routing,process
rubbing,process
running,process
runoff,process
rupture,process
sailing,process
saltation,process
sampling,process
sanding,process
sanitization,process
sapping,process
saturation,process
saving,process
scaling,process
scanning,process
scarring,process
scattering,process
scavenging,process
scintillation,process
scour,process
scratching,process
screening,process
sealing,process
searching,process
seating,process
seclusion,process
secretion,process
sectioning,process
securing,process
seeding,process
seeking,process
seepage,process
segregation,process
seizing,process
selection,process
sensing,process
separation,process
sequencing,process
sequestration,process
serotyping,process
setting,process
settling,process
sewing,process
shading,process
shadowing,process
shaking,process
shaping,process
sharing,process
shattering,process
shearing,process
shedding,process
shielding,process
shifting,process
shoaling,process
shooting,process
shredding,process
shrinking,process
shunting,process
sideslipping,process
sieving,process
sifting,process
sighting,process
signaling,process
silencing,process
silting,process
simulation,process
sinking,process
sintering,process
sip,process
siphoning,process
skating,process
skeletonization,process
skidding,process
skimming,process
sliding,process
slipping,process
sluicing,process
slumping,process
smelting,process
smoking,process
smoothing,process
softening,process
solidification,process
solifluction,process
sonication,process
sorting,process
sounding,process
sourcing,process
sowing,process
spallation,process
spanning,process
sparing,process
sparge,process
spawning,process
speciation,process
spilling,process
spinning,process
splaying,process
splinting,process
splintering,process
splitting,process
spreading,process
sprouting,process
sputtering,process
spying,process
stabilization,process
stacking,process
staging,process
staggering,process
stagnation,process
staining,process
stalling,process
standing,process
starting,process
starving,process
steering,process
stepping,process
sterilization,process
stifling,process
stimulation,process
stirring,process
stitching,process
stocking,process
stoking,process
stopping,process
storage,process
strafing,process
straightening,process
straining,process
stratification,process
strengthening,process
stressing,process
stretching,process
striking,process
strobing,process
stroking,process
subduction,process
subitization,process
sublimation,process
submersion,process
submission,process
subsampling,process
subsidence,process
subtraction,process
subvocalization,process
succession,process
suckering,process
suction,process
suffusion,process
superconduction,process
supercooling,process
superheating,process
supply,process
support,process
supression,process
surfacing,process
surging,process
surround,process
surveying,process
survival,process
suspension,process
swabbing,process
swaying,process
sweeping,process
sweeten,process
swelling,process
swim,process
switching,process
synchronization,process
synthesis,process
tabulation,process
tacking,process
tagging,process
taking,process
intake,process
takeoff,process
takeover,process
uptake,process
tamping,process
tampering,process
tapping,process
taper,process
targeting,process
teardown,process
teleconnection,process
telecoupling,process
teleportation,process
tempering,process
tense,process
termination,process
terraformation,process
testing,process
thaw,process
thermoregulation,process
thermosetting,process
thickening,process
thinning,process
throttling,process
throughfall,process
throughflow,process
thrusting,process
tilling,process
tilting,process
tipping,process
titration,process
torquing,process
toughening,process
tracking,process
traction,process
trade,process
trail,process
training,process
transaction,process
transcription,process
transduction,process
transfection,process
transferrence,process
transformation,process
transfusion,process
transgression,process
transit,process
transition,process
translation,process
transmission,process
transmutation,process
transplantation,process
transportation,process
transudation,process
trapping,process
travel,process
traversal,process
treatment,process
trend,process
triangulation,process
triggering,process
trilateration,process
tripping,process
trituration,process
trying,process
tuning,process
tunneling,process
turning,process
turndown,process
turnout,process
turnover,process
twirling,process
twisting,process
twitching,process
typing,process
underdragging,process
undershooting,process
undertowing,process
undulation,process
unionization,process
unravelling,process
unzipping,process
uplift,process
upwelling,process
usage,process
utilization,process
validation,process
vaporization,process
variolation,process
variation,process
vellication,process
ventilation,process
verification,process
vibration,process
viewing,process
violation,process
vitrification,process
vocalization,process
volatilization,process
vulcanization,process
wagging,process
waiting,process
warming,process
warning,process
washing,process
washoff,process
wasting,process
watering,process
waterproofing,process
weakening,process
weathering,process
weaving,process
wedging,process
weighting,process
welding,process
wetting,process
whitening,process
wicking,process
wilting,process
winding,process
winnowing,process
wiping,process
withdrawal,process
withering,process
writing,process
xenografting,process
xenotransplantation,process
yawing,process
yielding,process
zipping,process
zoning,process
current,process
acidification,process
aeration,process
aggradation,process
alkylation,process
alluviation,process
ammonification,process
aridification,process
armament,process
basification,process
bioluminescence,process
bleeding,process
blister,process
breastfeeding,process
breath,process
broadcast,process
bromination,process
burial,process
calcification,process
carpool,process
chlorination,process
clearcutting,process
dealkalization,process
defenestration,process
defoliation,process
deforestation,process
defribillation,process
deglaciation,process
dehalogenation,process
dehydration,process
deionization,process
delamination,process
denitrification,process
dephosphorylation,process
deprotonation,process
desalination,process
desertification,process
dessication,process
dewatering,process
digestion,process
docking,process
donation,process
downcutting,process
downwelling,process
drowning,process
drying,process
electrification,process
electrocution,process
electrodeposition,process
electroplating,process
electrowinning,process
enrobing,process
esterification,process
ethylation,process
eutrophication,process
evapotranspiration,process
exhalation,process
exsanguination,process
fasting,process
fermentation,process
fertigate,process
fertilization,process
fibrillation,process
fluorescence,process
fluorination,process
glaciation,process
halogenation,process
heating,process
humidification,process
hydration,process
hydrogenation,process
hydrolysis,process
hydropeaking,process
illumination,process
immigration,process
immunization,process
incarceration,process
inhalation,process
iodination,process
luminescence,process
metabolism,process
methylation,process
mineralization,process
nesting,process
nitrification,process
ovulation,process
oxidation,process
oxychlorination,process
oxygenation,process
parachuting,process
peroxidation,process
perspiration,process
phosphorescence,process
phosphorylation,process
photolysis,process
photophosphorylation,process
photorespiration,process
photosynthesis,process
plowing,process
poisoning,process
protonation,process
pyritization,process
rancidification,process
reaeration,process
remineralization,process
respiration,process
resuscitation,process
revegetation,process
saccharification,process
sedimentation,process
suture,process
swimming,process
transpiration,process
trophobiosis,process
urbanization,process
vaccination,process
downforce,process
downscale,process
downturn,process
outbreak,process
outburst,process
silicification,process
harvest,process
downburst,process
downdraft,process
eddy,process
exodus,process
fecundation,process
friction,process
genesis,process
inception,process
incursion,process
inflow,process
intake,process
metabolism,process
omission,process
onset,process
outage,process
sorption,process
synchronization,process
synthesis,process
syzygy,process
tailspin,process
progradation,process
code,quantification
index,quantification
scale,quantification
rating,quantification
coefficient,proprole
constant,proprole
exponent,proprole
parameter,proprole
term,proprole
factor,proprole
dimension,proprole
degree,proprole
order,proprole
field,proptype
tensor,proptype
vector,proptype
scalar,proptype
boolean,proptype
categorical,proptype
dichotomous,proptype
binary,proptype
ordinal,proptype
interval,proptype
function,proptype
activity,property
ability,property
absorptivity,property
accountability,property
adequacy,property
affinity,property
alkalinity,property
amplitude,property
availability,property
capacity,property
charge,property
classification,property
completeness,property
composition,property
concentration,property
conductance,property
conductivity,property
configuration,property
connectivity,property
coverage,property
density,property
direction,property
diversity,property
efficiency,property
elasticity,property
emittance,property
equality,property
equity,property
fertility,property
fluorescence,property
frequency,property
gender,property
hardness,property
hydrophilicity,property
hydrophobicity,property
immiscibility,property
impedance,property
inability,property
inertia,property
inhibition,property
insecurity,property
insolubility,property
intensity,property
liquidity,property
magnitude,property
maturity,property
miscibility,property
moment,property
momentum,property
mortality,property
name,property
odor,property
order,property
orientation,property
periodicity,property
permeability,property
permittivity,property
persistence,property
phase,property
plasticity,property
potential,property
presence,property
prevalence,property
productivity,property
quality,property
radioactivity,property
rating,property
resistance,property
resistivity,property
roughness,property
safety,property
salinity,property
saturation,property
security,property
sodicity,property
solubility,property
speed,property
stability,property
state,property
susceptibility,property
sustainability,property
tension,property
transparency,property
transphilicity,property
turbidity,property
type,property
unity,property
velocity,property
viscosity,property
wetness,property
yield,property
volition,property
exteroception,property
interoception,property
independence,property
proprioception,property
turbulence,property
incidence,property
lifetime,property
resilience,property
wavenumber,property
temperature,quantity
diameter,quantity
acceleration,quantity
age,quantity
albedo,quantity
altitude,quantity
angle,quantity
area,quantity
depth,quantity
compressibility,quantity
duration,quantity
distance,quantity
energy,quantity
elevation,quantity
enthalpy,quantity
pressure,quantity
latitude,quantity
length,quantity
longitude,quantity
mass,quantity
period,quantity
price,quantity
radius,quantity
volume,quantity
sorptivity,quantity
speed,quantity
stress,quantity
velocity,quantity
vorticity,quantity
width,quantity
weight,quantity